champion name,url,lane,win rate,ban rate
Maokai,https://www.leagueofgraphs.com/champions/counters/maokai/sr-ranked,Top,0.5299,0.0423
Talon,https://www.leagueofgraphs.com/champions/counters/talon/sr-ranked,Mid,0.5278,0.0555
Taric,https://www.leagueofgraphs.com/champions/counters/taric/sr-ranked,Support,0.5273,0.0135
Janna,https://www.leagueofgraphs.com/champions/counters/janna/sr-ranked,Support,0.5254,0.005
Katarina,https://www.leagueofgraphs.com/champions/counters/katarina/sr-ranked,Mid,0.5252,0.1211
Sona,https://www.leagueofgraphs.com/champions/counters/sona/sr-ranked,Support,0.5250,0.0007
Kled,https://www.leagueofgraphs.com/champions/counters/kled/sr-ranked,Top,0.5240,0.0313
Wukong,https://www.leagueofgraphs.com/champions/counters/monkeyking/sr-ranked,Jungler;Top,0.5223,0.2052
Singed,https://www.leagueofgraphs.com/champions/counters/singed/sr-ranked,Top,0.5222,0.0038
AurelionSol,https://www.leagueofgraphs.com/champions/counters/aurelionsol/sr-ranked,Mid,0.5206,0.0017
Shaco,https://www.leagueofgraphs.com/champions/counters/shaco/sr-ranked,Jungler,0.5198,0.0776
Lulu,https://www.leagueofgraphs.com/champions/counters/lulu/sr-ranked,Support,0.5187,0.0785
Diana,https://www.leagueofgraphs.com/champions/counters/diana/sr-ranked,Mid,0.5180,0.1862
Kog'Maw,https://www.leagueofgraphs.com/champions/counters/kogmaw/sr-ranked,ADCarry,0.5173,0.0023
Blitzcrank,https://www.leagueofgraphs.com/champions/counters/blitzcrank/sr-ranked,Support,0.5170,0.1957
Zilean,https://www.leagueofgraphs.com/champions/counters/zilean/sr-ranked,Support,0.5162,0.0177
MissFortune,https://www.leagueofgraphs.com/champions/counters/missfortune/sr-ranked,ADCarry,0.5159,0.058
Nami,https://www.leagueofgraphs.com/champions/counters/nami/sr-ranked,Support,0.5157,0.0082
Vel'Koz,https://www.leagueofgraphs.com/champions/counters/velkoz/sr-ranked,Mid;Support,0.5152,0.0066
Jinx,https://www.leagueofgraphs.com/champions/counters/jinx/sr-ranked,ADCarry,0.5149,0.0027
Quinn,https://www.leagueofgraphs.com/champions/counters/quinn/sr-ranked,Top,0.5147,0.0145
Cassiopeia,https://www.leagueofgraphs.com/champions/counters/cassiopeia/sr-ranked,Mid,0.5146,0.0628
Urgot,https://www.leagueofgraphs.com/champions/counters/urgot/sr-ranked,Top,0.5144,0.0154
Heimerdinger,https://www.leagueofgraphs.com/champions/counters/heimerdinger/sr-ranked,Mid;Top;ADCarry,0.5143,0.004
Graves,https://www.leagueofgraphs.com/champions/counters/graves/sr-ranked,Jungler,0.5141,0.2208
Vayne,https://www.leagueofgraphs.com/champions/counters/vayne/sr-ranked,ADCarry,0.5140,0.1189
Draven,https://www.leagueofgraphs.com/champions/counters/draven/sr-ranked,ADCarry,0.5139,0.0581
Orianna,https://www.leagueofgraphs.com/champions/counters/orianna/sr-ranked,Mid,0.5132,0.0054
Bard,https://www.leagueofgraphs.com/champions/counters/bard/sr-ranked,Support,0.5131,0.0212
Galio,https://www.leagueofgraphs.com/champions/counters/galio/sr-ranked,Mid,0.5128,0.0353
Warwick,https://www.leagueofgraphs.com/champions/counters/warwick/sr-ranked,Jungler,0.5127,0.0224
Kayn,https://www.leagueofgraphs.com/champions/counters/kayn/sr-ranked,Jungler,0.5125,0.1217
Fiora,https://www.leagueofgraphs.com/champions/counters/fiora/sr-ranked,Top,0.5120,0.1209
Fizz,https://www.leagueofgraphs.com/champions/counters/fizz/sr-ranked,Mid,0.5117,0.1335
Illaoi,https://www.leagueofgraphs.com/champions/counters/illaoi/sr-ranked,Top,0.5115,0.0374
Evelynn,https://www.leagueofgraphs.com/champions/counters/evelynn/sr-ranked,Jungler,0.5109,0.0893
Rengar,https://www.leagueofgraphs.com/champions/counters/rengar/sr-ranked,Jungler;Top,0.5102,0.0515
Olaf,https://www.leagueofgraphs.com/champions/counters/olaf/sr-ranked,Jungler,0.5099,0.0859
Twitch,https://www.leagueofgraphs.com/champions/counters/twitch/sr-ranked,ADCarry,0.5099,0.0051
Nunu&Willump,https://www.leagueofgraphs.com/champions/counters/nunu/sr-ranked,Jungler,0.5098,0.006
Kayle,https://www.leagueofgraphs.com/champions/counters/kayle/sr-ranked,Top,0.5096,0.0044
Trundle,https://www.leagueofgraphs.com/champions/counters/trundle/sr-ranked,Jungler,0.5094,0.018
Shen,https://www.leagueofgraphs.com/champions/counters/shen/sr-ranked,Top,0.5086,0.011
Ashe,https://www.leagueofgraphs.com/champions/counters/ashe/sr-ranked,ADCarry,0.5086,0.0088
Neeko,https://www.leagueofgraphs.com/champions/counters/neeko/sr-ranked,Mid,0.5080,0.0023
Darius,https://www.leagueofgraphs.com/champions/counters/darius/sr-ranked,Top,0.5072,0.4607
Syndra,https://www.leagueofgraphs.com/champions/counters/syndra/sr-ranked,Mid,0.5068,0.0562
Ziggs,https://www.leagueofgraphs.com/champions/counters/ziggs/sr-ranked,Mid;ADCarry,0.5068,0.0016
Jhin,https://www.leagueofgraphs.com/champions/counters/jhin/sr-ranked,ADCarry,0.5066,0.0105
Rek'Sai,https://www.leagueofgraphs.com/champions/counters/reksai/sr-ranked,Jungler,0.5065,0.0447
Kindred,https://www.leagueofgraphs.com/champions/counters/kindred/sr-ranked,Jungler,0.5061,0.0058
Caitlyn,https://www.leagueofgraphs.com/champions/counters/caitlyn/sr-ranked,ADCarry,0.5059,0.1069
Volibear,https://www.leagueofgraphs.com/champions/counters/volibear/sr-ranked,Top;Jungler,0.5058,0.0055
Vladimir,https://www.leagueofgraphs.com/champions/counters/vladimir/sr-ranked,Mid;Top,0.5057,0.192
MasterYi,https://www.leagueofgraphs.com/champions/counters/masteryi/sr-ranked,Jungler,0.5056,0.1839
Rammus,https://www.leagueofgraphs.com/champions/counters/rammus/sr-ranked,Jungler,0.5056,0.0362
Dr.Mundo,https://www.leagueofgraphs.com/champions/counters/drmundo/sr-ranked,Top;Jungler,0.5054,0.0068
Ahri,https://www.leagueofgraphs.com/champions/counters/ahri/sr-ranked,Mid,0.5053,0.0173
Amumu,https://www.leagueofgraphs.com/champions/counters/amumu/sr-ranked,Jungler,0.5052,0.0044
Fiddlesticks,https://www.leagueofgraphs.com/champions/counters/fiddlesticks/sr-ranked,Jungler,0.5052,0.0796
Shyvana,https://www.leagueofgraphs.com/champions/counters/shyvana/sr-ranked,Jungler,0.5050,0.0232
Tryndamere,https://www.leagueofgraphs.com/champions/counters/tryndamere/sr-ranked,Top,0.5049,0.0439
Soraka,https://www.leagueofgraphs.com/champions/counters/soraka/sr-ranked,Support,0.5048,0.0101
Varus,https://www.leagueofgraphs.com/champions/counters/varus/sr-ranked,ADCarry,0.5048,0.1364
Leona,https://www.leagueofgraphs.com/champions/counters/leona/sr-ranked,Support,0.5045,0.2302
Ivern,https://www.leagueofgraphs.com/champions/counters/ivern/sr-ranked,Jungler,0.5045,0.0024
Nasus,https://www.leagueofgraphs.com/champions/counters/nasus/sr-ranked,Top,0.5043,0.0439
Malphite,https://www.leagueofgraphs.com/champions/counters/malphite/sr-ranked,Top,0.5042,0.038
Veigar,https://www.leagueofgraphs.com/champions/counters/veigar/sr-ranked,Mid,0.5039,0.0127
Zac,https://www.leagueofgraphs.com/champions/counters/zac/sr-ranked,Jungler,0.5038,0.1827
Taliyah,https://www.leagueofgraphs.com/champions/counters/taliyah/sr-ranked,Jungler;Mid,0.5037,0.0008
Camille,https://www.leagueofgraphs.com/champions/counters/camille/sr-ranked,Top,0.5035,0.007
Anivia,https://www.leagueofgraphs.com/champions/counters/anivia/sr-ranked,Mid,0.5033,0.0065
Sion,https://www.leagueofgraphs.com/champions/counters/sion/sr-ranked,Top,0.5028,0.0015
Skarner,https://www.leagueofgraphs.com/champions/counters/skarner/sr-ranked,Jungler;Top,0.5025,0.0006
Annie,https://www.leagueofgraphs.com/champions/counters/annie/sr-ranked,Mid,0.5023,0.0023
Zed,https://www.leagueofgraphs.com/champions/counters/zed/sr-ranked,Mid,0.5023,0.2193
Ekko,https://www.leagueofgraphs.com/champions/counters/ekko/sr-ranked,Jungler;Mid,0.5020,0.2195
Senna,https://www.leagueofgraphs.com/champions/counters/senna/sr-ranked,Support,0.5020,0.0973
XinZhao,https://www.leagueofgraphs.com/champions/counters/xinzhao/sr-ranked,Jungler,0.5020,0.0024
Poppy,https://www.leagueofgraphs.com/champions/counters/poppy/sr-ranked,Top;Jungler,0.5017,0.0068
Vi,https://www.leagueofgraphs.com/champions/counters/vi/sr-ranked,Jungler,0.5014,0.0029
Malzahar,https://www.leagueofgraphs.com/champions/counters/malzahar/sr-ranked,Mid,0.5012,0.0386
Riven,https://www.leagueofgraphs.com/champions/counters/riven/sr-ranked,Top,0.5007,0.0103
Mordekaiser,https://www.leagueofgraphs.com/champions/counters/mordekaiser/sr-ranked,Top,0.5007,0.1596
Zyra,https://www.leagueofgraphs.com/champions/counters/zyra/sr-ranked,Support,0.5007,0.014
Swain,https://www.leagueofgraphs.com/champions/counters/swain/sr-ranked,Support,0.5005,0.0091
Kassadin,https://www.leagueofgraphs.com/champions/counters/kassadin/sr-ranked,Mid,0.5002,0.3322
Garen,https://www.leagueofgraphs.com/champions/counters/garen/sr-ranked,Top,0.5000,0.0738
Alistar,https://www.leagueofgraphs.com/champions/counters/alistar/sr-ranked,Support,0.4998,0.0043
Hecarim,https://www.leagueofgraphs.com/champions/counters/hecarim/sr-ranked,Jungler,0.4995,0.0075
Jax,https://www.leagueofgraphs.com/champions/counters/jax/sr-ranked,Top;Jungler,0.4995,0.0777
Kha'Zix,https://www.leagueofgraphs.com/champions/counters/khazix/sr-ranked,Jungler,0.4994,0.0264
Brand,https://www.leagueofgraphs.com/champions/counters/brand/sr-ranked,Support,0.4993,0.0199
Yorick,https://www.leagueofgraphs.com/champions/counters/yorick/sr-ranked,Top,0.4983,0.0084
Sivir,https://www.leagueofgraphs.com/champions/counters/sivir/sr-ranked,ADCarry,0.4974,0.0014
Nocturne,https://www.leagueofgraphs.com/champions/counters/nocturne/sr-ranked,Jungler;Mid,0.4974,0.0191
Elise,https://www.leagueofgraphs.com/champions/counters/elise/sr-ranked,Jungler,0.4970,0.1695
Viktor,https://www.leagueofgraphs.com/champions/counters/viktor/sr-ranked,Mid,0.4969,0.0023
Kennen,https://www.leagueofgraphs.com/champions/counters/kennen/sr-ranked,Top,0.4959,0.0043
TwistedFate,https://www.leagueofgraphs.com/champions/counters/twistedfate/sr-ranked,Mid,0.4958,0.0042
Morgana,https://www.leagueofgraphs.com/champions/counters/morgana/sr-ranked,Support,0.4954,0.3898
Pantheon,https://www.leagueofgraphs.com/champions/counters/pantheon/sr-ranked,Mid;Top,0.4953,0.0657
Zoe,https://www.leagueofgraphs.com/champions/counters/zoe/sr-ranked,Mid,0.4952,0.0496
Thresh,https://www.leagueofgraphs.com/champions/counters/thresh/sr-ranked,Support,0.4946,0.1192
Yasuo,https://www.leagueofgraphs.com/champions/counters/yasuo/sr-ranked,Mid,0.4945,0.4301
Xerath,https://www.leagueofgraphs.com/champions/counters/xerath/sr-ranked,Mid;Support,0.4939,0.0099
Teemo,https://www.leagueofgraphs.com/champions/counters/teemo/sr-ranked,Top,0.4937,0.019
Gnar,https://www.leagueofgraphs.com/champions/counters/gnar/sr-ranked,Top,0.4931,0.0087
JarvanIV,https://www.leagueofgraphs.com/champions/counters/jarvaniv/sr-ranked,Jungler,0.4930,0.0151
Udyr,https://www.leagueofgraphs.com/champions/counters/udyr/sr-ranked,Jungler,0.4928,0.0022
Karma,https://www.leagueofgraphs.com/champions/counters/karma/sr-ranked,Support,0.4921,0.0041
Rakan,https://www.leagueofgraphs.com/champions/counters/rakan/sr-ranked,Support,0.4920,0.0028
Renekton,https://www.leagueofgraphs.com/champions/counters/renekton/sr-ranked,Top,0.4918,0.1093
Qiyana,https://www.leagueofgraphs.com/champions/counters/qiyana/sr-ranked,Mid,0.4917,0.0146
Sett,https://www.leagueofgraphs.com/champions/counters/sett/sr-ranked,Top;Support,0.4917,0.2085
Nautilus,https://www.leagueofgraphs.com/champions/counters/nautilus/sr-ranked,Support,0.4913,0.2685
Tristana,https://www.leagueofgraphs.com/champions/counters/tristana/sr-ranked,ADCarry,0.4910,0.0086
Yuumi,https://www.leagueofgraphs.com/champions/counters/yuumi/sr-ranked,Support,0.4908,0.3936
Cho'Gath,https://www.leagueofgraphs.com/champions/counters/chogath/sr-ranked,Top;Mid,0.4904,0.0062
Kalista,https://www.leagueofgraphs.com/champions/counters/kalista/sr-ranked,ADCarry,0.4902,0.0183
Rumble,https://www.leagueofgraphs.com/champions/counters/rumble/sr-ranked,Mid;Top,0.4900,0.0042
Pyke,https://www.leagueofgraphs.com/champions/counters/pyke/sr-ranked,Support,0.4898,0.1013
Aatrox,https://www.leagueofgraphs.com/champions/counters/aatrox/sr-ranked,Top,0.4889,0.0515
Lux,https://www.leagueofgraphs.com/champions/counters/lux/sr-ranked,Mid;Support,0.4885,0.0056
Ornn,https://www.leagueofgraphs.com/champions/counters/ornn/sr-ranked,Top,0.4881,0.0392
Ezreal,https://www.leagueofgraphs.com/champions/counters/ezreal/sr-ranked,ADCarry,0.4876,0.0637
LeeSin,https://www.leagueofgraphs.com/champions/counters/leesin/sr-ranked,Jungler,0.4863,0.1889
Nidalee,https://www.leagueofgraphs.com/champions/counters/nidalee/sr-ranked,Jungler,0.4851,0.0087
Karthus,https://www.leagueofgraphs.com/champions/counters/karthus/sr-ranked,Jungler,0.4839,0.0373
Lissandra,https://www.leagueofgraphs.com/champions/counters/lissandra/sr-ranked,Mid,0.4828,0.0086
Xayah,https://www.leagueofgraphs.com/champions/counters/xayah/sr-ranked,ADCarry,0.4827,0.0058
Braum,https://www.leagueofgraphs.com/champions/counters/braum/sr-ranked,Support,0.4823,0.0081
Jayce,https://www.leagueofgraphs.com/champions/counters/jayce/sr-ranked,Top;Mid,0.4816,0.0075
Lucian,https://www.leagueofgraphs.com/champions/counters/lucian/sr-ranked,ADCarry,0.4794,0.0265
Sylas,https://www.leagueofgraphs.com/champions/counters/sylas/sr-ranked,Mid;Jungler;Top,0.4773,0.1704
TahmKench,https://www.leagueofgraphs.com/champions/counters/tahmkench/sr-ranked,Support;Top,0.4755,0.0032
Sejuani,https://www.leagueofgraphs.com/champions/counters/sejuani/sr-ranked,Jungler,0.4744,0.0049
Corki,https://www.leagueofgraphs.com/champions/counters/corki/sr-ranked,Mid,0.4733,0.0056
LeBlanc,https://www.leagueofgraphs.com/champions/counters/leblanc/sr-ranked,Mid,0.4729,0.1116
Aphelios,https://www.leagueofgraphs.com/champions/counters/aphelios/sr-ranked,ADCarry,0.4722,0.1263
Kai'Sa,https://www.leagueofgraphs.com/champions/counters/kaisa/sr-ranked,ADCarry,0.4682,0.011
Gangplank,https://www.leagueofgraphs.com/champions/counters/gangplank/sr-ranked,Top,0.4663,0.0152
Ryze,https://www.leagueofgraphs.com/champions/counters/ryze/sr-ranked,Mid;Top,0.4645,0.0062
Azir,https://www.leagueofgraphs.com/champions/counters/azir/sr-ranked,Mid,0.4617,0.0043
Irelia,https://www.leagueofgraphs.com/champions/counters/irelia/sr-ranked,Top;Mid,0.4573,0.0779
Gragas,https://www.leagueofgraphs.com/champions/counters/gragas/sr-ranked,Jungler,0.4568,0.003
Akali,https://www.leagueofgraphs.com/champions/counters/akali/sr-ranked,Mid;Top,0.4522,0.0387
